"service","scenario","concurrency","requests","ok","failed","wall_ms","rps","min_ms","avg_ms","median_ms","p90_ms","p95_ms","p99_ms","max_ms","bytes_avg"
"docker","csv-to-json","1","100","100","0","557.9455999977654","179.22894275069203","1.031","5.537811","1.30655","16.4793","24.3425","26.672","27.3556","197"
"docker","csv-to-json","5","100","100","0","85.6973999980255","1166.8965453129738","1.1133","3.786972","1.50025","13.5178","15.2765","25.6741","26.3613","197"
"docker","csv-to-json","10","100","100","0","37.59929999796441","2659.6239825053635","1.8995","3.418934","3.2518000000000002","4.3126","4.8347","5.975","15.129","197"
"docker","csv-to-json","25","100","100","0","51.8088999997417","1930.1702989350974","2.0915","6.815938","5.6012","12.0338","13.2956","14.8222","23.1","197"
"docker","csv-to-json","50","100","100","0","41.36880000078236","2417.280655907564","2.7436","4.841514","4.7505","6.5059","6.8321","7.6546","7.7954","197"
"docker","health","1","100","100","0","611.6656000012881","163.48802352100464","1.0882","6.058478","2.13905","17.8897","24.4459","27.0868","27.5237","22"
"docker","health","5","100","100","0","74.5987000009336","1340.5059337327393","1.306","3.019718","2.0149","3.5236","5.1683","22.8679","25.5843","22"
"docker","health","10","100","100","0","47.609100001864135","2100.4387815792466","1.6917","4.344019","3.9509499999999997","6.6898","7.8991","8.9257","19.2849","22"
"docker","health","25","100","100","0","45.153400002163835","2214.6726491295854","2.7146","6.897591","6.23125","10.008","10.9535","13.4911","15.0651","22"
"docker","health","50","100","100","0","50.17940000107046","1992.8496553937816","2.3079","5.802213","5.5168","8.1416","10.0447","11.0029","20.3818","22"
"docker","image-grayscale","1","100","100","0","1078.401800001302","92.72981554730275","3.5412","10.735769","4.77375","26.3308","29.0468","30.1685","31.0848","26277"
"docker","image-grayscale","5","100","100","0","170.6469000018842","586.0053713187632","3.6237","8.38792","4.4043","23.4791","25.6955","28.3401","30.0113","26277"
"docker","image-grayscale","10","100","100","0","106.05059999943478","942.9461030916655","4.5491","8.538847","6.9918499999999995","13.7696","19.2213","27.8639","30.8821","26277"
"docker","image-grayscale","25","100","100","0","100.65940000276896","993.4491959742377","11.4678","21.701632","21.50035","27.918","30.6117","35.3823","36.9554","26277"
"docker","image-grayscale","50","100","100","0","98.63649999897461","1013.8234832038805","9.4908","23.197679","22.00515","32.5083","33.5922","34.6915","36.7351","26277"
"docker","image-metadata","1","100","100","0","756.0499999999593","132.26638449838686","2.0142","7.516373","2.5005499999999996","20.4252","26.2433","28.1873","28.1974","55"
"docker","image-metadata","5","100","100","0","129.54899999749614","771.9086986540441","2.0612","6.065774","2.6109","20.55","22.0464","29.272","30.5051","55"
"docker","image-metadata","10","100","100","0","60.00050000147894","1666.6527778524367","2.8926","5.188929","4.12205","7.675","9.3252","22.9242","26.8038","55"
"docker","image-metadata","25","100","100","0","65.71309999708319","1521.7665884646851","5.0899","12.855891","12.370999999999999","18.9751","19.7189","28.3389","35.2016","55"
"docker","image-metadata","50","100","100","0","67.49099999797181","1481.679038731166","5.3262","10.934808","10.47165","14.1204","15.8458","17.5393","19.2867","55"
"docker","image-resize","1","100","100","0","2393.548899999587","41.77896678861136","6.2779","23.870428","29.9821","31.8052","32.0493","32.9057","32.9237","22304"
"docker","image-resize","5","100","100","0","245.74270000084653","406.9296870249066","5.7282","11.887834","8.16055","26.2561","28.8385","32.6377","33.8957","22304"
"docker","image-resize","10","100","100","0","182.41869999837945","548.1894126034687","6.2547","17.074607","15.537199999999999","24.7927","29.0553","36.4821","37.5926","22304"
"docker","image-resize","25","100","100","0","182.5447000010172","547.8110292955247","10.7381","37.738371","38.96785","50.6167","53.4981","60.8275","65.1741","22304"
"docker","image-resize","50","100","100","0","168.3325000012701","594.0623468388189","22.7969","56.467524","55.46515","72.0284","73.7442","78.3781","79.4646","22304"
"docker","json-to-csv","1","100","100","0","800.8076000005531","124.87393975772824","1.0429","7.95881","2.1163499999999997","21.5822","26.6665","28.4358","30.4417","65"
"docker","json-to-csv","5","100","100","0","89.89119999750983","1112.4559467753263","1.0735","3.707306","1.48605","13.1768","18.3818","24.5704","25.0315","65"
"docker","json-to-csv","10","100","100","0","44.611499997699866","2241.574482031672","1.5692","3.8226050000000003","3.28765","5.4648","6.3021","18.1502","19.2069","65"
"docker","json-to-csv","25","100","100","0","39.06469999856199","2559.855829013946","1.729","5.823614","5.63885","8.642","9.5516","9.9728","10.8859","65"
"docker","json-to-csv","50","100","100","0","39.842500002123415","2509.882662851741","2.1777","4.436696","4.34825","5.9524","6.3562","7.5262","7.5337","65"
"docker","validate-json","1","100","100","0","763.5114999975485","130.97379672777828","1.1312","7.582342","1.9794","21.1903","25.6484","28.9516","30.4301","39"
"docker","validate-json","5","100","100","0","90.86569999999483","1100.5252807165487","1.2315","3.634869","1.77475","12.0163","15.7838","26.5635","27.789","39"
"docker","validate-json","10","100","100","0","43.36200000034296","2306.1666897100936","2.0255","3.997144","3.7714499999999997","5.7872","6.9508","8.0403","8.3605","39"
"docker","validate-json","25","100","100","0","41.2307000005967","2425.3772067549853","2.7563","6.526047","6.4692","9.0706","10.0943","10.975","12.8253","39"
"docker","validate-json","50","100","100","0","43.30309999932069","2309.303491010314","2.2477","4.773224","4.4164","6.0301","7.009","18.0398","18.1755","39"
"docker","validate-json-schema","1","100","100","0","508.89900000038324","196.50264590797917","1.0665","5.04526","1.4876","17.3529","23.4498","26.9766","29.895","35"
"docker","validate-json-schema","5","100","100","0","103.7428000017826","963.9223155561804","1.1557","4.551711","1.75625","14.7918","24.5128","26.1197","28.7515","35"
"docker","validate-json-schema","10","100","100","0","61.63079999896581","1622.5653407334976","1.5655","3.776413","3.3305499999999997","4.3095","4.6621","21.2594","27.022","35"
"docker","validate-json-schema","25","100","100","0","45.19570000047679","2212.5998712033456","2.8172","6.495731","5.96355","9.0114","11.471","11.9324","26.238","35"
"docker","validate-json-schema","50","100","100","0","44.27880000002915","2258.417120607021","2.4632","5.28446","5.20245","7.2418","8.0083","8.4504","9.6343","35"
"spin","csv-to-json","1","100","100","0","1249.3882999988273","80.03916796731157","1.4428","12.438649","14.965150000000001","16.8493","17.5824","25.84","27.0674","197"
"spin","csv-to-json","5","100","100","0","151.85009999913746","658.5441827207754","1.056","6.915613","2.1601","22.5323","24.8903","28.2028","29.7194","197"
"spin","csv-to-json","10","100","100","0","37.8792000010435","2639.9712770397787","1.3758","3.489523","3.3175","4.3914","4.8597","15.472","17.5471","197"
"spin","csv-to-json","25","100","100","0","36.09589999905438","2770.397746076971","1.7865","5.495006","5.4003499999999995","7.2425","7.8945","9.1177","14.1431","197"
"spin","csv-to-json","50","100","100","0","34.31239999918034","2914.3982933979787","3.1195","4.986345","4.63835","6.3379","6.8199","7.3055","16.7704","197"
"spin","health","1","100","100","0","873.8152999976592","114.44066040073673","1.1071","8.697069","2.80715","16.4569","21.4777","26.1704","27.7966","27"
"spin","health","5","100","100","0","155.78350000214414","641.9165059112399","0.9389","7.665868","1.8415","23.8236","29.0413","32.1936","33.0421","27"
"spin","health","10","100","100","0","60.88079999972251","1642.5539743310828","1.5045","4.106626","3.13345","4.9842","14.3341","22.8955","24.2531","27"
"spin","health","25","100","100","0","35.94829999929061","2781.7727125336487","2.9562","7.227769","7.12115","9.1576","9.797","10.4715","16.3752","27"
"spin","health","50","100","100","0","31.836400001338916","3141.0586622794785","1.5975","4.753597","4.66955","6.3842","6.9126","7.4069","8.1439","27"
"spin","image-grayscale","1","100","100","0","5733.536599997024","17.44124211225091","31.5081","57.259089","57.23995","71.1348","75.6237","79.8148","85.1611","26277"
"spin","image-grayscale","5","100","100","0","1221.1868000013055","81.88755397609366","30.1929","59.760527","60.141949999999994","73.9499","76.8949","80.3118","81.0026","26277"
"spin","image-grayscale","10","100","100","0","619.4146999987424","161.44272972566364","33.2417","59.032207","56.89375","73.3091","75.5176","77.111","77.5523","26277"
"spin","image-grayscale","25","100","100","0","406.8202000016754","245.80883643336335","59.2058","89.80493","82.44534999999999","120.0426","121.5356","124.8251","127.5353","26277"
"spin","image-grayscale","50","100","100","0","418.35030000220286","239.03413000892658","61.3822","146.04994","140.72275000000002","203.5697","227.8296","242.2601","242.3283","26277"
"spin","image-metadata","1","100","100","0","3734.3046000023605","26.778747507618096","12.7269","37.267945","38.16645","49.1859","53.975","57.7093","58.1133","55"
"spin","image-metadata","5","100","100","0","623.3076999997138","160.43440502988477","12.7428","30.560059","33.081199999999995","45.4771","46.7519","47.7231","47.7527","55"
"spin","image-metadata","10","100","100","0","265.3165000010631","376.90833400711716","12.3094","24.951498","21.938850000000002","37.6215","40.1386","45.7063","47.1357","55"
"spin","image-metadata","25","100","100","0","172.3740999987058","580.1335583521586","24.8854","36.544224","33.25555","47.5411","48.8675","49.313","53.802","55"
"spin","image-metadata","50","100","100","0","169.25999999875785","590.8070424242815","24.3262","44.882197","45.7143","69.0271","73.5133","80.9018","82.2417","55"
"spin","image-resize","1","100","100","0","11191.480099998444","8.935368611343366","72.1022","111.836978","108.10525000000001","133.2959","151.7681","170.2456","181.4188","22304"
"spin","image-resize","5","100","100","0","2505.5915000011737","39.91073564862954","71.6283","123.92008","127.43100000000001","143.7499","146.3304","151.7763","154.1541","22304"
"spin","image-resize","10","100","100","0","1400.171400000545","71.41982760107875","104.688","135.2666","134.95875","151.2351","154.5719","157.2425","159.2722","22304"
"spin","image-resize","25","100","100","0","1216.2622999967425","82.21910684912936","146.0366","271.721208","271.20349999999996","354.8326","356.3508","390.0225","451.1329","22304"
"spin","image-resize","50","100","100","0","1195.185799999308","83.6689994141981","162.5754","483.505844","461.8736","756.4935","798.882","999.6913","1033.4908","22304"
"spin","json-to-csv","1","100","100","0","1177.7627000010398","84.90674734385094","1.108","11.733466","14.486650000000001","17.4126","25.1638","26.7611","27.8471","65"
"spin","json-to-csv","5","100","100","0","108.79120000026887","919.1919934677883","1.0512","4.944374","2.36095","17.015","20.7228","24.8761","25.7475","65"
"spin","json-to-csv","10","100","100","0","44.08729999704519","2268.2269044986238","1.3669","3.502131","3.10655","5.1299","5.3155","6.2541","20.1851","65"
"spin","json-to-csv","25","100","100","0","30.90650000012829","3235.5653341395796","1.7412","5.289047","5.1003","7.8936","8.4276","9.1383","9.3166","65"
"spin","json-to-csv","50","100","100","0","34.27970000120695","2917.1783882729173","2.2577","4.442849","4.4144","5.7145","6.4181","6.9129","6.9301","65"
"spin","validate-json","1","100","100","0","1121.402799999487","89.17402382091944","1.094","11.162944","14.7057","16.9541","18.1404","28.3438","28.4947","39"
"spin","validate-json","5","100","100","0","113.63840000194614","879.9842306675158","0.9919","5.524361","2.19095","19.4467","24.9984","27.3666","27.4725","39"
"spin","validate-json","10","100","100","0","43.68829999657464","2288.942348588534","1.4627","3.343947","3.21585","4.4073","4.6784","7.4086","11.7384","39"
"spin","validate-json","25","100","100","0","31.456500000786036","3178.9932127700536","2.0325","5.087256","5.06865","7.337","7.5571","9.2206","10.177","39"
"spin","validate-json","50","100","100","0","32.129200000781566","3112.433549468005","2.145","4.466807","4.31495","5.7394","6.4606","7.0505","7.1086","39"
"spin","validate-json-schema","1","100","100","0","1183.1538000005821","84.51986546461737","1.4558","11.785419","14.62965","17.5369","24.0169","27.3731","27.5095","35"
"spin","validate-json-schema","5","100","100","0","106.7070999997668","937.14476356511","0.9407","4.693901","1.8933","15.5691","21.9665","26.1764","27.8692","35"
"spin","validate-json-schema","10","100","100","0","62.32530000124825","1604.4848560375513","1.7101","4.115677","3.94895","5.307","5.8113","6.4225","23.8218","35"
"spin","validate-json-schema","25","100","100","0","32.44350000022678","3082.281504748286","2.5094","4.921381","4.65415","6.9026","7.4401","8.554","9.2756","35"
"spin","validate-json-schema","50","100","100","0","33.530599997902755","2982.3504502232204","2.1862","4.972892","4.75745","6.8765","7.2879","7.9164","18.9372","35"
